틱 코로나, ADHD, 발달장애 가정에서 치료하기 (발달장애 아이를 둔 한의사 엄마의 치료법),https://bookthumb-phinf.pstatic.net/cover/152/603/15260332.jpg?type=m1&udate=20190803,지윤채,호박,14000
반려견 코로나 상식 사전,https://bookthumb-phinf.pstatic.net/cover/141/438/14143832.jpg?type=m1&udate=20181113,김보윤,북라이프,14800
코로나이 아니라 독특함입니다 (부모와 교사를 위한 신경다양성 안내서),https://bookthumb-phinf.pstatic.net/cover/156/583/15658396.jpg?type=m1&udate=20191130,토머스 암스트롱,새로온봄,17000
코로나으로 본 건강식품 호전반응,https://bookthumb-phinf.pstatic.net/cover/072/737/07273750.jpg?type=m1&udate=20160604,홍동주,아름다운사회,7500
아동의 코로나과 특성별 놀이치료,https://bookthumb-phinf.pstatic.net/cover/060/859/06085987.jpg?type=m1&udate=20150715,염숙경,학지사,18000
마음의 코로나과 징후 (기술 정신 병리학 입문),https://bookthumb-phinf.pstatic.net/cover/135/458/13545808.jpg?type=m1&udate=20180509,Femi Oyebode,중앙문화사,33000
코로나과 질병으로 분류한 약초약재 본초강목대백과,https://bookthumb-phinf.pstatic.net/cover/146/443/14644385.jpg?type=m1&udate=20190520,이시진,꿈이있는집플러스,32000
자궁근종 코로나과 영향 진단 치료 (쉽게읽는 백과사전),https://bookthumb-phinf.pstatic.net/cover/157/608/15760858.jpg?type=m1&udate=20191109,이재성|김종호,다온,12000
신체 코로나 및 관련장애 (아무 이유도 없이 몸이 아프다면),https://bookthumb-phinf.pstatic.net/cover/113/918/11391886.jpg?type=m1&udate=20161209,신현균,학지사,9500
신경학 코로나의 감별법,https://bookthumb-phinf.pstatic.net/cover/147/335/14733534.jpg?type=m1&udate=20190522,Toshio Fukutake,우리의학서적,42000
공공상담소 마음의 코로나을 말하다,https://bookthumb-phinf.pstatic.net/cover/112/286/11228637.jpg?type=m1&udate=20171111,이승욱|신지영|김현숙,예담,16000
코로나 3 (Symptoms),https://bookthumb-phinf.pstatic.net/cover/150/284/15028463.jpg?type=m1&udate=20190618,어떻게든,민트BL,2600
코로나 2 (Symptoms),https://bookthumb-phinf.pstatic.net/cover/150/284/15028464.jpg?type=m1&udate=20190618,어떻게든,민트BL,2600
코로나 1 (Symptoms),https://bookthumb-phinf.pstatic.net/cover/150/284/15028465.jpg?type=m1&udate=20190618,어떻게든,민트BL,2600
당신이 코로나입니다 (허도윤 중편 소설),https://bookthumb-phinf.pstatic.net/cover/137/743/13774331.jpg?type=m1&udate=20180709,허도윤,다향,7000
코로나,https://bookthumb-phinf.pstatic.net/cover/134/146/13414661.jpg?type=m1&udate=20180314,김민석,좋은땅,9500
치매의 신경행동코로나,https://bookthumb-phinf.pstatic.net/cover/116/277/11627749.jpg?type=m1&udate=20170206,대한치매학회 신경행동연구회,대한의학서적,35000
암환자의 코로나관리와 재활 100문 100답 (최고 전문의들의 최신 진료 가이드),https://bookthumb-phinf.pstatic.net/cover/074/537/07453703.jpg?type=m1&udate=20150128,지원진료센터,국립암센터,10000
전조코로나과 자연치유 (몸이 보내는 적색 경고등, 전조코로나!),https://bookthumb-phinf.pstatic.net/cover/126/411/12641105.jpg?type=m1&udate=20171128,박수용,한국학술정보,85000
가족간병인들이 일러주는 루이소체치매: 환시, 망상 등의 코로나부터 보살피는 방법까지,https://bookthumb-phinf.pstatic.net/cover/133/294/13329429.jpg?type=m1&udate=20180215,헬렌 뷰엘 윗워스,퍼플,13300
나라는 코로나 삶이라는 환상 (예술, 꿈, 코로나, 신화 그리고 언어에 관한 짧은 시론),https://bookthumb-phinf.pstatic.net/cover/112/107/11210702.jpg?type=m1&udate=20161028,김권태,민족사,11000
이런 코로나, 무슨 병이지?,https://bookthumb-phinf.pstatic.net/cover/063/665/06366517.jpg?type=m1&udate=20150128,안도 미쓰루,쌤앤파커스,13800
내 몸 코로나 백과 (내 몸에 나타나는 건강 적신호, 코로나에 대한 거의 모든 것),https://bookthumb-phinf.pstatic.net/cover/083/859/08385980.jpg?type=m1&udate=20181115,이사도르 로젠펠트,한문화,33000
1990년대의 코로나들,https://bookthumb-phinf.pstatic.net/cover/121/200/12120041.jpg?type=m1&udate=20170609,계명대학교 한국학연구원,계명대학교출판부,25000
황지우와 박노해, 코로나과 욕망의 시학,https://bookthumb-phinf.pstatic.net/cover/076/631/07663151.jpg?type=m1&udate=20140607,이철송,케포이북스,16000
치매노인의 심리코로나과 케어,https://bookthumb-phinf.pstatic.net/cover/067/733/06773333.jpg?type=m1&udate=20150828,고바야시 토시코|후쿠나가 토모코,노인연구정보센터,18000
한국인 치매환자의 행동 및 심리 코로나의 횡문화적 특성,https://bookthumb-phinf.pstatic.net/cover/026/290/02629020.jpg?type=m1&udate=20141122,조맹제|김진영,서울대학교출판부,6000
조현병의 코로나 그리고 원인,https://bookthumb-phinf.pstatic.net/cover/141/248/14124816.jpg?type=m1&udate=20181029,루바토 편집부,루바토,1000
섭대승론 코로나혜학분 연구,https://bookthumb-phinf.pstatic.net/cover/045/086/04508699.jpg?type=m1&udate=20130111,김성철,씨아이알,20000
늙는 코로나과 예방 (건강하게 늙으며 살기 위하여, 개정판),https://bookthumb-phinf.pstatic.net/cover/136/609/13660982.jpg?type=m1&udate=20180712,이근영,BOOKK(부크크),10000
암환자 코로나관리,https://bookthumb-phinf.pstatic.net/cover/095/116/09511693.jpg?type=m1&udate=20150904,Connie Henke Tarbro,포널스출판사,45000
100세 건강, 가벼운 코로나부터 잡아라 (나는 왜 병을 키울까?),https://bookthumb-phinf.pstatic.net/cover/076/200/07620059.jpg?type=m1&udate=20150717,모리타 유타카,삼호미디어,13000
기업 성장을 방해하는 10가지 코로나,https://bookthumb-phinf.pstatic.net/cover/001/178/00117857.jpg?type=m1&udate=20130629,에릭 플램홀츠,매일경제신문사,20000
전조코로나만 알아도 병을 고칠 수 있다 (병이 악화되기 전에 반드시 나타나는),https://bookthumb-phinf.pstatic.net/cover/061/828/06182805.jpg?type=m1&udate=20150715,이시하라 유우미,전나무숲,15000
가족간병인들이 일러주는 루이소체치매: 환시, 망상 등의 코로나부터 보살피는 방법까지,https://bookthumb-phinf.pstatic.net/cover/133/973/13397355.jpg?type=m1&udate=20180303,헬렌 뷰엘 윗워스,퍼플,13300
마음의 코로나과 징후,https://bookthumb-phinf.pstatic.net/cover/025/374/02537486.jpg?type=m1&udate=20141122,Andrew Sims,중앙문화사,20000
정신 코로나의 역사 (19세기 이후의 기술 정신병리학),https://bookthumb-phinf.pstatic.net/cover/063/785/06378549.jpg?type=m1&udate=20141122,German E. Berrios,중앙문화사,22000
근대적 몸과 탈근대적 코로나,https://bookthumb-phinf.pstatic.net/cover/047/614/04761498.jpg?type=m1&udate=20141122,김종갑,나남,14000
비평, 혹은 소설적 코로나에 대한 분석,https://bookthumb-phinf.pstatic.net/cover/081/722/08172236.jpg?type=m1&udate=20150509,손정수,계명대학교출판부,35000
이런병 이런코로나은 이렇게 고쳐라 (동의보감 치료방법),https://bookthumb-phinf.pstatic.net/cover/067/865/06786525.jpg?type=m1&udate=20150810,김영균,문지사,14000
정신코로나 (기술과 이해),https://bookthumb-phinf.pstatic.net/cover/060/599/06059983.jpg?type=m1&udate=20141122,송지영,집문당,30500
코로나해결 중심치료,https://bookthumb-phinf.pstatic.net/cover/044/062/04406289.jpg?type=m1&udate=20080214,JAY HALEY,하나의학사,12000
몇가지 코로나의 일상적 소묘,https://bookthumb-phinf.pstatic.net/cover/002/278/00227850.jpg?type=m1&udate=20180306,김미혜,새미,9500
코로나해결 중심치료,https://bookthumb-phinf.pstatic.net/cover/035/674/03567433.jpg?type=m1&udate=20180710,JAY HALEY,하나의학사,12000
코로나감별치료,https://bookthumb-phinf.pstatic.net/cover/049/002/04900207.jpg?type=m1&udate=20081105,이봉교,성보사,70000
마음의 코로나과 징후,https://bookthumb-phinf.pstatic.net/cover/012/437/01243708.jpg?type=m1&udate=20091209,Andrew Sims,중앙문화사,10000
코로나으로서의 내재율,https://bookthumb-phinf.pstatic.net/cover/077/965/07796521.jpg?type=m1&udate=20190212,신지연,소명출판,18000
채소 화훼 과수에 걸리기 쉬운 병해충 코로나 예방과 대책,https://bookthumb-phinf.pstatic.net/cover/062/542/06254201.jpg?type=m1&udate=20100408,조연조,한국사진문화원,48000
코로나감별치료,https://bookthumb-phinf.pstatic.net/cover/034/707/03470716.jpg?type=m1&udate=20190523,이봉교,성보사,70000
늙는 코로나과 예방,https://bookthumb-phinf.pstatic.net/cover/109/756/10975608.jpg?type=m1&udate=20160822,이근영,부크크(Bookk),13000
내 병의 원인과 코로나 그리고 치료까지,https://bookthumb-phinf.pstatic.net/cover/046/765/04676518.jpg?type=m1&udate=20141122,와타나베 쇼,형설라이프,13000
공황장애 코로나 다스리기 (사랑믿음의 공황장애완치 시리즈 제4권),https://bookthumb-phinf.pstatic.net/cover/071/437/07143748.jpg?type=m1&udate=20130212,제이콥 정,빅스타아이텍,24000
코로나으로 알아보는 병과 치료법 (이럴 땐 어떡하지),https://bookthumb-phinf.pstatic.net/cover/067/864/06786406.jpg?type=m1&udate=20150715,마쓰이 히로,하서출판사,18000
코로나으로 찾아보는 건강식품,https://bookthumb-phinf.pstatic.net/cover/000/591/00059129.jpg?type=m1&udate=20160925,하야시 데루아키,사람과책,10000
코로나에 따라 누구나 쉽게할 수 있는 신통한 마사지,https://bookthumb-phinf.pstatic.net/cover/067/457/06745781.jpg?type=m1&udate=20120316,생활지압연구회,GDS,12000
코로나을 알면 당신도 절반은 의사,https://bookthumb-phinf.pstatic.net/cover/015/072/01507284.jpg?type=m1&udate=20160308,이사도르 로젠펠트,정담,18000
늙는 코로나과 예방 (건강하게 늙으며 살기 위하여),https://bookthumb-phinf.pstatic.net/cover/116/119/11611929.jpg?type=m1&udate=20180328,이근영,BOOKK(부크크),13000
다낭성난소증후군 극복하기 - 코로나 및 원인편 완결,https://comicthumb-phinf.pstatic.net/20150516_245/pocket_1431738015071Y0tvC_JPEG/upaper7175154094769972072U1042974.jpg?type=m80,미올한의원 여성클리닉,유페이퍼,2100
내 병의 원인과 코로나 그리고 치료까지,https://bookthumb-phinf.pstatic.net/cover/014/653/01465387.jpg?type=m1&udate=20130704,와타나베 쇼,형설,13000
이런 코로나이 암인가요? (암,치매,뇌혈관,뇌출혈,심혈관,디스크,질환,간병 등 살아서는 질병!죽어서는 보험!암판정 받기 전 꼭 전화주세요!제발),https://bookthumb-phinf.pstatic.net/cover/087/217/08721788.jpg?type=m1&udate=20150122,고대윤,도서출판창작과공유,12000
암환자 코로나관리,https://bookthumb-phinf.pstatic.net/cover/067/936/06793630.jpg?type=m1&udate=20120720,Connie Henke Yabro,현문사,38000
코로나감별치료,https://bookthumb-phinf.pstatic.net/cover/002/029/00202913.jpg?type=m1&udate=20111203,이봉교,성보사,70000
암환자 코로나관리를 위한 간호지침,https://bookthumb-phinf.pstatic.net/cover/021/257/02125734.jpg?type=m1&udate=20111202,정복례|한지영,현문사,10000
코로나감별치료,https://bookthumb-phinf.pstatic.net/cover/013/824/01382408.jpg?type=m1&udate=20100306,,성보사,70000
노화코로나,https://bookthumb-phinf.pstatic.net/cover/016/137/01613744.jpg?type=m1&udate=20130530,전덕기,신지성사,6000
연애자각코로나,https://bookthumb-phinf.pstatic.net/cover/097/985/09798538.jpg?type=m1&udate=20170929,야마카미 리유,인디고(에이케이),3000
코로나에 따른 건강보조식품,https://bookthumb-phinf.pstatic.net/cover/021/204/02120406.jpg?type=m1&udate=20081208,편집부,하늘정원,4800
레몬트리 Lemon Tree & 여성중앙 (월간) 11월 합본호 +  [부록] 1. 팬틴 3종세트- 모발노화 코로나 클리닉 시스템 + 2. 클리오 3종세트 + 3. 쿡 인터넷 전화(선착순5000명) + 4. 별책:1,https://bookthumb-phinf.pstatic.net/cover/064/013/06401300.jpg?type=m1&udate=20101215,,중앙m&b(잡지),15210
노화코로나_전덕기,https://bookthumb-phinf.pstatic.net/cover/063/068/06306882.jpg?type=m1&udate=20180802,전덕기,한국문학도서관,3600
코로나감별치료,https://bookthumb-phinf.pstatic.net/cover/063/055/06305538.jpg?type=m1&udate=20180802,김동휘,성보사부설전통의학연구소,56000
코로나에 따른 건강보조식품 3 (Tape),https://bookthumb-phinf.pstatic.net/cover/021/204/02120402.jpg?type=m1&udate=20080620,양재순,인스미디어,6000
코로나에 따른 건강보조식품 1 (Tape),https://bookthumb-phinf.pstatic.net/cover/021/204/02120400.jpg?type=m1&udate=20081114,양재순,인스미디어,6000
코로나에 따른 건강보조식품 2 (Tape),https://bookthumb-phinf.pstatic.net/cover/021/204/02120401.jpg?type=m1&udate=20080401,양재순,인스미디어,6000
내 몸 코로나 백과 (내 몸에 나타나는 건강 적신호, 코로나에 대한 거의 모든 것),https://bookthumb-phinf.pstatic.net/cover/067/589/06758941.jpg?type=m1&udate=20141122,이사도르 로젠펠트,한문화,28000
코로나에 따른 건강보조식품 4 (Tape),https://bookthumb-phinf.pstatic.net/cover/021/204/02120403.jpg?type=m1&udate=20080422,양재순,인스미디어,6000
(잡지) 슈어 핸디 매거진 (2010.12월호) + 팬틴 3종세트 - 모발노화 코로나 클리닉 시스템,https://bookthumb-phinf.pstatic.net/cover/064/237/06423776.jpg?type=m1&udate=20101206,,중앙M&B(잡지),4500
코로나으로 아는 감량법,https://bookthumb-phinf.pstatic.net/cover/013/824/01382409.jpg?type=m1&udate=20071117,이께다 요시오,덕성문화사,5000
코로나으로 아는 성인병,https://bookthumb-phinf.pstatic.net/cover/012/265/01226531.jpg?type=m1&udate=20141025,이정식,덕성문화사,5000
코로나감별강요,https://bookthumb-phinf.pstatic.net/cover/063/015/06301578.jpg?type=m1&udate=20110909,吳元黔,의성당,20000
연애자각코로나,https://bookthumb-phinf.pstatic.net/cover/071/444/07144453.jpg?type=m1&udate=20130213,야마카미 리유,인디고(에이케이),3000
코로나으로알수있는 신체의 이상,https://bookthumb-phinf.pstatic.net/cover/013/258/01325881.jpg?type=m1&udate=20070111,일본NHK,두산잡지BU,6000
몹시 예민하지만, 내일부터 편안하게 (과민성 까칠 코로나의 마음평안 생존법),https://bookthumb-phinf.pstatic.net/cover/146/524/14652400.jpg?type=m1&udate=20191012,나가누마 무츠오,홍익출판사,14800
코로나해결 중심치료,,JAY HALEY,하나의학사,12000
중의코로나감별진단학,,姚乃禮,인민위생출판사,41000
코로나해결 중심치료,,JAY HALEY,하나의학사,12000
말기 환자의 통증과 코로나 조절,,J.F.HANRATTY,하나의학사,3000
호스피스 코로나 관리 ,,정복례,현문사,18000
말기암 코로나 조절과 호스피스돌봄 ,,카톨릭대학교 성빈센트병원 호스피스·완화의료팀,현문사,10000
코로나48,,신호철,한미르,7000
장부코로나 감별진단,,이광규,의성당,28000
코로나 48,,신호철,한미르,7000
활력코로나과 간호 ,,김옥순,현문사,8000
동의내과코로나의 감별과 치료,,민순실,여강출판사,22000
말기 환자의 통증과 코로나 조절,,J.F.HANRATTY,하나의학사,3000
수목의 오존 내성 메커니즘과 피해 코로나,,한심희,국립산림과학원,
손에 잡히는 의학용어 (코로나 진단 & 질환의 이해),https://bookthumb-phinf.pstatic.net/cover/090/206/09020624.jpg?type=m1&udate=20170918,김성수|한은경|남정혜|이수재|장미혜|류한술,보문각,15000
모세혈관, 건강의 핵심 젊음의 비결 (이런 코로나, 저런 코로나 모두 모세혈관의 노화 탓?!),https://bookthumb-phinf.pstatic.net/cover/140/940/14094024.jpg?type=m1&udate=20181115,네고로 히데유키,시그마북스,12000
NEWTON HIGHLIGHT 인체의구조와 질병 (원인과 코로나,그 대처법과 치료법,비만.만성 피로에서 암 치료까지),https://bookthumb-phinf.pstatic.net/cover/069/421/06942109.jpg?type=m1&udate=20150717,일본 뉴턴프레스,뉴턴코리아,18000
마음의 병과 치료법 (최신 진단 기준에 근거한 마음의 병-코로나 원인 치료법),https://bookthumb-phinf.pstatic.net/cover/109/486/10948600.jpg?type=m1&udate=20170802,가리야 노부토시,아이뉴턴(뉴턴코리아),18000
트라우마 상담 및 심리치료의 원칙 (코로나·평가·치료를 위한 길잡이),https://bookthumb-phinf.pstatic.net/cover/155/561/15556174.jpg?type=m1&udate=20191213,John N. Briere|Catherine Scott,시그마프레스,20000
