2020.2.3  신종 코로나 바이러스 폐렴과 중국 증시의 급락 개장.,단기적으로는 악재 모멘텀과 함께 심리적인 불안감이 작용하고 있으나  신종 코로나 폐렴의 영향은... 중국의 신종 코로나 바이러스 폐렴은 3일 0시 현재 확진자 17 205명과 사망자 361명으로 계속 증가... 
신종 코로나바이러스 예방 자동차 관리법,신종 코로나바이러스 확진자가 늘어남에 따라 바이러스 예방에 대한 관심이 높아지고 있습니다. 이럴 때일수록 항상 타고 다니는 자동차도 관리를 해줘야 하는데요 오늘은 신종 코로나바이러스 대비 자동차... 
중국 우한폐렴 신종 코로나바이러스 원인과 증상  예방이 중요!,요즘 한국도 중국 #우한폐렴 의 원인이 되는  신종 #코로나바이러스 때문에 완전 난리 입니다. 몇... 원인과 증상 ▶ #우한폐렴원인 신종 코로나바이러스 로 알려졌으며  2019년 12월 12일 감염이 이뤄진... 
신종코로나바이러스(우한폐렴)와 주식시장,음력 설을 전후로 신종코로나바이러스(이하 신종코로나)가 급속히 퍼지면서 주가가 급락하는 모습을 보여주고 있습니다. 특히나 3월 시진핑 주석의 한국 방문을 계기로 중국 소비재 관련 기업들의 주가 흐름이... 
우한폐렴 코로나 바이러스 원인 증상 예방법은?(혐주의),겸 코로나 바이러스의 원인과 증상  예방법에 대해서 포스팅 해 볼게요 ㅠㅠ 우한 폐렴 국내 감염... 코로나 바이러스는 기침이나 재채기를 통해 공기로 전염되거나  악수 등 가벼운 신체 접촉을 통해서 도 옮을... 
코로나 바이러스(우한 폐렴)예방- 손 씻기!  마스크 착용하기!,신종 코로나 바이러스 감염 막는 가장 좋은 법 -&gt; 쎈 물살에 씻고 끝까지 말려라 ! 신종 코로나 바이러느 감염증(우한 폐렴)은 고칠 수 있는 치료법은 아직 없지만 손씻기와 마스크 쓰기 등 개인 위생만 잘... 
[투자레터11]신종 코로나바이러스 패닉 셀링 ★ 줍줍 종목은,설 연휴 끝나자마자 신종 코로나바이러스 감염증이 극성이네요. 중국 우한 때문에 정말이지 전 세계가... 이제는 코로나바이러스의 확산 여부를 주시하면서 평소에 하지 못했던 너무 올라 지켜만 봤던 섹터의... 
[건강어부바] 신종 코로나바이러스 증상 및 주의할 점,유명 포털 메인과 검색 순위에 ‘신종 코로나바이러스’ 가 빠지지 않고 등장하고 있는데요. 국경을 넘어 전파되는 ‘신종 코로나바이러스감염증’ 때문에 우리나라뿐 아니라 전 세계가 불안에 떨고 있습니다.... 
한국 증시  신종코로나 공포에도 예상대로 움직이고 있다!,한국 증시  신종코로나 공포에도 예상대로 움직이고 있다! 지난 주 금요일 한국 증시의 가격... https://blog.naver.com/danieldwyoo/221790068040 신종 코로나바이러스의 공포에도 이제 가격 조정의 마무리... 
세균과 바이러스를 예방하는 방법(feat. 신종 코로나),신종 코로나를 비롯해 바이러스나 세균을 예방하는 방법에 대해서 알아보도록 하겠습니다. 감기 같은... 그런데 현대로 접어들면서 신종 코로나 바이러스 즉  우환 폐렴처럼 대부분의 치명적인 질환들은 동물을... 
